PlotObservationID,Longitude,Latitude
JZ37,9.937980121,44.32463669
FR49,11.09286998,43.91546286
PT45,11.65339251,43.0910385
ZH63,10.53301392,43.73896534
TF93,10.40239403,44.239783
KG68,10.40203413,44.24086555
QJ27,10.40634795,44.24129785
JN90,10.40602103,44.24296442
ZM18,10.66070881,44.12734092
BQ20,10.6588959,44.12456064
WA69,10.66052452,44.12605363
XS50,10.65322746,44.11726096
QZ52,10.65635313,44.11971149
RS48,10.64049848,44.11309367
AN57,10.64081685,44.11405435
BE71,10.6642633,44.12968679
UT89,10.66605067,44.12966695
VG30,10.73782085,44.15088398
JW66,10.7368799,44.15538773
MJ41,10.73646619,44.14836705
WH80,10.70124064,44.15467722
NF37,10.84448924,44.10733799
BL76,10.84133319,44.10239443
TV90,10.84206706,44.09938816
SQ15,10.79537908,44.11456286
QZ49,10.7949226,44.11574308
FQ93,10.80039547,44.11386305
ZA68,10.78555906,44.12455268
IX83,10.78308517,44.12582018
ZK58,10.79935017,44.11597176
GW56,10.84112459,44.10278312
CA81,10.78748095,44.12499272
KD15,10.79506576,44.11655607
UD91,10.84770464,44.09013226
CX45,10.85194945,44.09066752
GB31,10.85256542,44.08953898
OF19,11.23204946,43.84901245
LF51,11.22379585,43.9011295
NJ33,11.22602269,43.90108167
CK54,11.25330015,43.83576203
OR48,10.49463052,42.9487417
EQ56,10.49510026,42.94319231
IS69,10.49554823,42.94258286
JC83,11.97535234,43.71545469
XP78,11.03673812,44.07285846
MX25,10.52354399,43.7653025
MY83,10.53692765,43.7555744
NX43,10.54497417,43.74713644
XE11,11.61939956,42.67111945
DF11,11.50858833,42.67880906
JP48,11.15747423,42.43069771
MF17,11.15478353,42.43333294
SA50,11.11447526,42.40830106
IE22,11.68807368,43.02191505
UC40,11.68871097,43.02186694
DR59,10.89506007,42.37503162
BF83,11.02327984,43.86009245
KJ39,10.66239796,44.11680312
DD98,10.66191072,44.11718974
AM30,10.666479,44.13574151
IF62,11.88948011,43.7901206
ZX20,11.79007451,43.81473255
KU72,11.81032455,43.78062913
EC75,10.39935509,44.2258025
SR19,10.38391934,44.195047
SX34,10.38086826,44.19988162
QL13,10.38105154,44.2006225
OB88,10.38175043,44.19894918
BS15,10.38773752,44.19102872
VX64,10.39175904,44.19543696
HY57,10.39227758,44.19438578
BK34,10.3908382,44.19494429
MO47,10.39263582,44.19466917
JK45,10.3925921,44.19332208
QI21,10.18881474,42.77256294
PK58,10.13845412,42.76345801
OY37,10.16859974,42.77121171
IJ46,10.08116962,42.57152004
IV29,10.28656171,43.68815132
RK56,10.28725068,43.69188324
KG84,10.26909576,43.78319757
QX85,10.35187204,43.83600444
RY81,10.28677762,43.6395163
SD89,10.2932377,43.5977827
NU56,10.31235224,44.03249539
EK88,10.31410142,44.03014681
KZ72,10.32129486,44.03546443
MW25,10.3129205,44.02969219
ZS46,10.31229193,44.03417193
GF55,10.31327845,44.03532839
PG63,10.3126038,44.03724997
YH59,9.809498727,43.03961652
BY42,11.15317078,43.91463775
YW28,11.5171506,42.8002331
KM19,11.68769052,42.77834584
GT42,11.67974237,42.77191945
WM57,11.68073551,42.77251642
WL58,11.68590228,42.77660945
IG85,10.68295999,44.13634642
TF90,10.6689425,44.14041627
IY53,10.68590059,44.12016491
TD52,10.65778642,44.11147747
DT51,10.67022837,44.11151255
GM59,10.66663692,44.11582493
NX70,10.71260324,44.09096079
KW76,10.70197605,44.10310915
YL40,10.70262255,44.10268608
YB18,10.70958855,44.09302123
HU32,10.69395461,44.10650898
OL48,10.71444183,44.09021364
CL91,11.83350759,43.80495048
GR90,11.86568525,43.80465665
JU72,12.0867718,43.68521748
FA71,12.08962795,43.68431808
NZ16,11.39054037,42.8043915
UF70,11.27423002,42.77928484
PN36,10.75469044,43.01275302
KW77,10.75523927,43.01370886
JH97,10.75214123,43.01520652
EE37,10.72804736,43.04734991
MG76,10.77401809,42.96528755
ZL89,10.3095725,42.32483186
GB12,10.29272735,42.33231407
VG68,10.30085725,42.33802699
VU15,10.31051548,42.33787647
IK24,10.29975214,42.3481208
AE28,10.29919183,42.34853142
XJ49,10.88292696,43.9634285
RC51,11.00246599,44.13725094
JH35,11.00142793,44.13678598
VL22,11.00179701,44.13651796
VV29,11.00157127,44.13568713
DS96,10.78003687,44.12675787
SB81,10.77721219,44.13098919
QH46,10.79265527,44.12146395
JU84,10.76810383,44.13086423
IM64,10.78792508,44.12076752
KM11,10.77536939,44.13324389
OP46,10.66139932,44.13218527
RO82,10.83985527,44.08552829
HD42,10.66466801,44.13171033
ZX92,10.66600046,44.13252694
RU21,10.66369324,44.13298691
DK44,10.70924279,44.1243479
OF90,10.8390386,44.08261457
EA79,11.45627636,42.49061808
LM27,11.38062589,42.71375558
GK61,10.85983375,42.76578495
FV31,10.86627347,42.76418759
DU33,10.83012518,42.77146354
NE78,11.71512855,42.5818988
QZ84,11.71189619,42.56735765
DZ74,11.55650219,43.70165958
UL29,11.91969249,43.65956376
TQ93,11.90698497,43.64252221
KD45,11.40477537,43.59781052
QE18,10.38739441,44.24232806
WT62,10.38511191,44.24726108
RQ20,10.38556408,44.24641735
JN17,10.38579963,44.24582685
WP14,10.38556717,44.24771062
VI38,10.3914996,44.24524197
SG59,10.38326604,44.23828376
PM79,10.38468607,44.23808339
GO83,10.38370031,44.23728659
XX35,10.38533295,44.23786917
HI82,10.38754713,44.23748986
ZQ20,10.38616892,44.23768966
YM15,10.38701712,44.23851155
KR85,10.38864847,44.23826847
DO92,10.38690129,44.2367179
GZ65,10.38734622,44.23770843
NO40,10.42295101,43.69723057
XI71,11.50261739,42.69079602
DQ28,11.29057975,42.85449329
IR86,11.29211569,42.85558729
MN39,11.8035196,42.79893762
RT56,10.92257218,43.12208748
NR60,10.92191731,43.12159981
IZ47,11.5864692,43.2842272
KF39,11.03943504,43.89070283
BK70,11.036215,43.88974969
BR64,10.98328938,43.80861293
HC70,10.9839491,43.8086731
BW43,11.03509058,43.79015949
TV66,11.03459558,43.79128481
ZC47,11.01154984,43.78910292
CU93,11.03138466,43.80750459
UA72,11.032291,43.80705349
US55,11.02962769,43.89025608
QM87,10.99808558,43.79599441
JT32,10.68155272,43.62841564
EH97,10.67988412,43.62917123
CF13,10.53087069,43.73629341
SU38,10.52883233,43.74160446
CG67,10.52749774,43.7358338
HC96,9.995536047,44.20719964
DZ84,10.15136438,44.19772198
PI31,11.56757385,43.22938404
KI68,11.68627919,42.78347262
